Wall Label,Level,P (kg),V (kg),Mip (kg-m),Moop (kg-m)
Ejemplo1Y3,1,4000,1000,221.2993743,221.2993743
Ejemplo2Y4,2,3500,1000,3423.412559,3423.412559
