Pt number,Wall Label,Mn (kg-m),Pn (kg)
1.0,Ejemplo1Y3,22625.321835782714,0.0
1.0,Ejemplo2Y4,91911.65247129784,0.0
