Pt number,Wall Label,Mn (kg-m),Pn (kg)
2.0,Ejemplo1Y3,48096.18450209405,25117.584380150147
2.0,Ejemplo2Y4,132143.8132545843,37762.25244914978
