Pt number,Wall Label,Mn (kg-m),Pn (kg)
3.0,Ejemplo1Y3,45739.10999235009,25117.584380150147
3.0,Ejemplo2Y4,127087.21929977083,37762.25244914978
