Pt number,Wall Label,Mn (kg-m),Pn (kg)
4.0,Ejemplo1Y3,0.0,75352.75314045044
4.0,Ejemplo2Y4,0.0,113286.75734744935
