,Pt number,Wall Label,Mn (kg-m),Pn (kg)
0,1.0,Ejemplo1Y3,22625.321835782717,0.0
0,2.0,Ejemplo1Y3,48096.18450209405,25117.584380150147
0,3.0,Ejemplo1Y3,45739.10999235009,25117.584380150147
0,4.0,Ejemplo1Y3,0.0,75352.75314045044
1,1.0,Ejemplo2Y4,91911.65247129784,0.0
1,2.0,Ejemplo2Y4,132143.8132545843,37762.25244914978
1,3.0,Ejemplo2Y4,127087.21929977083,37762.25244914978
1,4.0,Ejemplo2Y4,0.0,113286.75734744935
