Wall Label,V (kg),Drift (-)
Ejemplo1Y3,4259.246929969933,0.004310128320795683
Ejemplo2Y4,8111.704730900996,0.0081470158588168
