Wall Label,V (kg),Drift (-)
Ejemplo1Y3,6084.558683111754,0.018607514513280528
Ejemplo2Y4,11526.38682680953,0.030265435103294325
