Wall Label,V (kg),Drift (-)
Ejemplo1Y3,4868.946347691986,0.03348167369101316
Ejemplo2Y4,9110.257260631071,0.05437526851535911
