,Wall Label,V (kg),Drift (-)
0,Ejemplo1Y3,0.0,0.0
0,Ejemplo1Y3,4259.246929969933,0.0043101283207956
0,Ejemplo1Y3,6084.558683111754,0.0186075145132805
0,Ejemplo1Y3,4868.946347691986,0.0334816736910131
1,Ejemplo2Y4,0.0,0.0
1,Ejemplo2Y4,8111.704730900996,0.0081470158588168
1,Ejemplo2Y4,11526.38682680953,0.0302654351032943
1,Ejemplo2Y4,9110.257260631071,0.0543752685153591
