Wall Label,fn (kg/m2),L (m),fu (kg/m2)
Ejemplo2Y4,24000.000000000004,3,-6503.335176651308
