Wall Label,fn (kg/m2),L (m),fu (kg/m2)
Ejemplo1Y3,68145.16129032258,3,49266.11307131924
