Wall Label,Max_DCR,L (m),f_DCR
Ejemplo1Y3,1.33,3,1.0877464019361627
Ejemplo2Y4,1.33,3,0.7898848375556069
