Wall Label,Vn (kg),L (m)
Ejemplo1Y3,8155.726472294127,3
Ejemplo2Y4,9511.414042315937,3
