Wall Label,Vn (kg),L (m),Vu (kg)
Ejemplo1Y3,8155.726472294127,3,1000
Ejemplo2Y4,9511.414042315935,3,1000
