Mu (kg-m),Mn (kg-m)
0.0,0.0
91911.65247129784,91911.65247129784
