Pu (kg),Pn (kg)
0.0,0.0
113286.75734744935,113286.75734744935
