fu (kg/m2),fn (kg/m2)
24000.000000000004,0.0
24000.000000000004,24000.000000000004
