fu (kg/m2),fn (kg/m2)
68145.16129032258,0.0
68145.16129032258,68145.16129032258
