Vu (kg),Vn (kg)
0.0,0.0
9511.414042315935,9511.414042315935
