Wall Label,Mn (kg-m),L (m)
Ejemplo1Y3,22625.321835782714,3
Ejemplo2Y4,91911.65247129784,3
