Wall Label,Mn (kg-m),L (m),Mu (kg-m)
Ejemplo1Y3,22625.321835782717,3,221.2993743
Ejemplo2Y4,91911.65247129784,3,3423.412559
