Wall Label,Pn (kg),L (m),Pu (kg)
Ejemplo1Y3,75352.75314045044,3,4000
Ejemplo2Y4,113286.75734744935,3,3500
